elapsedIdx,videoTimeSec,frameId,rawLaneCount,surroundingRawLanes,corridorOffsetM,trackerIds,gpsCrossRoadM,displayedArrowOffsetM
9,18.05,1603,4,1/2,0.132,7/5/6/0,,1.446
10,20.05,1643,4,1/2,0.162,7/5/6/0,0.003,1.234
11,22.05,1683,4,1/2,0.232,7/5/6/0,-0.642,0.761
12,24.05,1723,4,1/2,0.231,7/5/6/0,-1.135,0.272
13,26.05,1763,2,1/2,-0.966,9/8,-1.131,
14,28.05,1803,3,1/2,0.198,7/5/10,-1.571,
15,30.05,1843,3,1/2,-0.159,7/5/10,-1.194,
16,32.05,1883,2,1/2,-0.140,5/10,0.297,
17,34.06,1923,3,1/2,0.011,7/5/10,-0.345,
18,36.05,1963,3,1/2,0.087,7/5/10,0.299,-0.184
19,38.05,2003,3,1/2,0.039,7/5/10,0.081,